feature,importance
CEI,0.30944484067519246
DDL,0.3065483041095873
NCSI,0.2598901502546991
GCI,0.12411670496052131
